{"mean": [-34.011436940494995, -0.32954318062137966, 96.59667810299506, 40.3480337820019], "std": [42.57273595179487, 5.515904138949481, 215.80556247683654, 110.81495751662499], "breaks": [0, 2592, 4608, 7776, 10368, 13536, 16704, 19872, 23040, 27360, 30528, 33696, 35424, 38592, 41760, 44928, 48096, 51264, 54432, 57600, 60768], "features": ["SYM/H nT", "BZ nT (GSM)", "B**2", "BY**2"], "time_key": "time"}